{"cameraMode":{"drawMode":0,"name":"Shaded","section":"Shading Mode"},"sceneLighting":false,"audioPlay":false,"sceneViewState":{"showFog":true,"showMaterialUpdate":false,"showSkybox":false,"showFlares":true,"showImageEffects":true,"showParticleSystems":true},"in2DMode":false,"pivot":{"x":-10.359375,"y":9.2467041015625,"z":1.8603515625},"rotation":{"x":-0.000005704204795620171,"y":1.0000168085098267,"z":7.344027039835055e-7,"w":0.002684105420485139},"size":35.272605895996097,"orthographic":true}